Expected value,0
"0","a"
"0","a"
"0",","
"0",","
"0",",o"
"0","O"
"0","O"
"0",","
"0","D"
"0","a"
"0",","
"0","N"
"0","a"
"0","N"
"0",","
"0","N"
"0",""""
"0",","
"0","a"
"0","D"
"0",""""
"0","N"
"0","D"
"0","a"
"0","a"
"0","o"
"0","No"
"0","."
"0","."
"0","D"
"0","."
"0","O"
"0","o"
"0","N"
"0","O"
"0","O"
"0",","
"0","D"
"0","O"
"0","N"
"0","O"
"0","O"
"0",","
"0","o"
"0","D"
"0","N"
"0","N"
"0","O"
"0","O"
"0",","
"0",","
"0","N"
"0","N"
"0","O"
"0",","
"0","D"
"0","a"
"0","O"
"0","D"
"0","."
"0","."
"0","o"
"0","s"
"0","a"
"0","."
"0","."
"0","."
"0","a"
"0",","
"0","."
"0","."
"0","o"
"0","."
"0","s"
"0","O"
"0","."
"0","o"
"0","a"
"0","D"
"0","."
"0","."
"0","."
"0","o"
"0","s"
"0",","
"0","D"
"0","D"
"0","s"
"0","O"
"0","o"
"0","."
"0","."
"0","."
"0","a"
"0","."
"0","s"
"0","a"
"0","o"
"0","o"
"0","o"
"0",","
"0","D"
"0","O"
"0","o"
"0","."
"0","s"
"0","o"
"0","."
"0","."
"0","o"
"0","a"
"0","o"
"0","h"
"0","o"
"0","."
"0",","
"0","o"
"0","."
"0","a"
"0","o"
"0","."
"0","h"
"0","a"
"0","."
"1","it"
"1","1"
"1","A"
"1","!"
"1","1"
"1","1"
"1","I"
"1","1"
"1","1"
"1","1"
"1","1"
"1","1"
"1","A"
"1","1"
"1","A"
"1","1"
"1","I"
"1","1"
"1","1."
"1","1"
"1","I"
"1","I"
"1","1"
"1","I"
"1","1"
"1","1"
"1","1"
"1","1"
"1","I"
"1","1"
"1","1"
"1","1"
"1","1"
"1","I"
"1","I"
"1","1"
"1","I"
"1","1t"
"1","1"
"1","1"
"1","1"
"1","1"
"1","I"
"1","A"
"1","A"
"1","1t"
"1","1"
"1","A."
"1","A"
"1","1"
"1","A"
"1","1"
"1","Ao"
"1","1"
"1","1"
"1","1"
"1","1"
"1","1"
"1","1"
"1","1"
"1","1"
"1","1"
"1","I"
"1","'"
"1","I"
"1","I"
"1","I"
"1","I"
"1","I"
"1","I"
"1","I"
"1","I"
"1","I"
"1","I"
"1","I"
"1","I"
"1","I"
"1","I"
"1","I"
"1","I"
"1","I"
"1","I"
"1","I"
"1","I"
"1","I"
"1","I"
"1",")"
"1","I"
"1","I"
"1","I"
"1","I"
"1","I"
"1","I"
"1","1"
"1","1"
"1","1"
"1","1"
"1","1"
"1","1"
"1","1"
"1","1"
"1","1"
"1","1"
"1","1"
"1","1"
"1","1"
"1","1"
"1","1"
"1","1"
"1","1"
"1","1"
"1","1"
"1","1"
"1","1"
"1","1"
"1","1"
"1","1"
"1","1"
"1","1"
"1","1"
"1","1"
"1","1"
"1","1"
"1","1"
"2","?"
"2","2"
"2","?"
"2","?"
"2","a"
"2","?"
"2","?"
"2","?"
"2","?"
"2","2"
"2","?"
"2","?"
"2","?"
"2","2"
"2","?"
"2","2"
"2","?"
"2","?"
"2","2"
"2","2"
"2","2"
"2","?"
"2","?"
"2","2"
"2","?"
"2","2"
"2","?"
"2","2"
"2","2"
"2","?"
"2","?"
"2","?"
"2","?"
"2","?"
"2","2"
"2","?"
"2","?"
"2","?"
"2","?"
"2","?"
"2","?"
"2","2"
"2","2"
"2","?"
"2","?"
"2","2"
"2","?"
"2","2"
"2","?"
"2","2"
"2","2"
"2","?"
"2","2"
"2","2"
"2","2"
"2","2"
"2","2"
"2","2"
"2","?"
"2","2"
"2","2"
"2","?"
"2","?"
"2","?"
"2","?"
"2","2"
"2","?"
"2","2"
"2","?"
"2","2"
"2","2"
"2","?"
"2","?"
"2","?"
"2","2"
"2","2"
"2","2"
"2","?"
"2","?"
"2","?"
"2","?"
"2","2"
"2","?"
"2","2"
"2","?"
"2","2"
"2","2"
"2","?"
"2","2"
"2","2"
"2","?"
"2","2"
"2","?"
"2","?"
"2","?"
"2","?"
"2","?"
"2","?"
"2","2"
"2","?"
"2","?"
"2","?"
"2","?"
"2","2"
"2","?"
"2","?"
"2","?"
"2","2"
"2","?"
"2","2"
"2","?"
"2","2"
"2","?"
"2","?"
"2","?"
"2","?"
"2","?"
"2","?"
"2","?"
"2","2"
"2","?"
"2","?"
"2","?"
"2","?"
"3","3"
"3","3"
"3","3"
"3","3"
"3","3"
"3","'"
"3","3"
"3","3"
"3","3"
"3","3"
"3","3"
"3","3"
"3","3"
"3","3"
"3","3"
"3","3"
"3","3"
"3","3"
"3","3"
"3","3"
"3","3"
"3","3"
"3","3"
"3","3"
"3","3"
"3","3"
"3","3"
"3","3"
"3","3"
"3","3"
"3","3"
"3","3"
"3","3"
"3","3"
"3","3"
"3","3"
"3","3"
"3","3"
"3","3"
"3","3"
"3","3"
"3","3"
"3","3"
"3","3"
"3","3"
"3","3"
"3","3"
"3","3"
"3","3"
"3","3"
"3","3"
"3","'"
"3","3"
"3","3"
"3","3"
"3","3"
"3","3"
"3","3"
"3","3"
"3","3"
"3","3"
"3","3"
"3","3"
"3","?"
"3","3"
"3","3"
"3","3"
"3","3"
"3","3"
"3","3"
"3","3"
"3","3"
"3","3"
"3","3"
"3","3"
"3","3"
"3","3"
"3","3"
"3","3"
"3","3"
"3","3"
"3","3"
"3","3"
"3","3"
"3","3"
"3","3"
"3","3"
"3","3"
"3","3"
"3","3"
"3","3"
"3","3"
"3","3"
"3","3"
"3","3"
"3","3"
"3","'"
"3","3"
"3","3"
"3","3"
"3","3"
"3","3"
"3","3"
"3","3"
"3","3"
"3","3"
"3","3"
"3","3"
"3","3"
"3","3"
"3","3"
"3","3"
"3","3"
"3","3"
"3","3"
"3","3"
"3","3"
"3","3"
"3","3"
"3","3"
"3","3"
"3","3"
"3","3"
"3","?"
"4","4"
"4","4"
"4","4"
"4","4"
"4",""""
"4","4"
"4",""""
"4","4"
"4","4"
"4","4y"
"4","4"
"4","4"
"4","4"
"4","4"
"4","4"
"4","4"
"4","4y"
"4","4"
"4","4"
"4","4"
"4","4f"
"4","4"
"4","4"
"4","4t"
"4","4"
"4","4"
"4","4"
"4","4"
"4","4"
"4","4"
"4","4"
"4","a"
"4","a"
"4","A"
"4","a"
"4","a"
"4","A"
"4","a"
"4","a"
"4","a"
"4","a"
"4","A"
"4","a"
"4","a"
"4","A"
"4","a"
"4","a"
"4","A"
"4","a"
"4","a"
"4","A"
"4","A"
"4","a"
"4","1"
"4","A"
"4","A"
"4","A"
"4","a"
"4","A"
"4","a"
"4","A"
"4","A"
"4",","
"4",","
"4","."
"4",","
"4","h"
"4","."
"4","h"
"4","a"
"4",""""
"4","."
"4","h"
"4","h"
"4","h"
"4","h"
"4",","
"4","."
"4",","
"4",""""
"4","("
"4","a"
"4","."
"4","h"
"4",","
"4",""""
"4","an"
"4",","
"4",""""
"4",""""
"4",""""
"4",""""
"4",""""
"4",""""
"4","4t"
"4","4"
"4","4"
"4","4t"
"4","4"
"4","4"
"4","t"
"4","4"
"4","4"
"4","4"
"4","4"
"4","b"
"4","4"
"4","4"
"4","4"
"4","4"
"4","4"
"4","4"
"4","4"
"4","b"
"4",""""
"4","4"
"4","4"
"4","4"
"4",""""
"4","4"
"4","4"
"4","4"
"4",""""
"4",""""
"5","5"
"5","5"
"5","'s"
"5","5"
"5","'"
"5","'"
"5","5"
"5","5"
"5","5"
"5","5"
"5","5"
"5","5"
"5","5"
"5","5"
"5","5"
"5","'"
"5","5"
"5","5"
"5","is"
"5","'"
"5","'s"
"5","5"
"5","'"
"5","."
"5","'"
"5","'"
"5","5"
"5","5"
"5","5"
"5","3"
"5","a"
"5","'"
"5","."
"5","'"
"5","'"
"5","'"
"5","'"
"5","'"
"5","'"
"5","5"
"5","'"
"5","'"
"5","6s"
"5","'"
"5","'"
"5","'"
"5","'"
"5","."
"5","'"
"5","as"
"5","'"
"5","s"
"5","'s"
"5","'"
"5","."
"5","5"
"5","5s"
"5","'s"
"5","'"
"5","'"
"5","."
"5","a"
"5","5"
"5","5"
"5","5"
"5","5"
"5","5"
"5","'"
"5","5"
"5","'"
"5","5"
"5","5"
"5","5"
"5","5"
"5","'s"
"5","."
"5","5"
"5","5"
"5","'"
"5","5"
"5","5"
"5","."
"5","5"
"5","5s"
"5","5"
"5","3s"
"5","5"
"5","5"
"5","3"
"5","'"
"5","5"
"5","'"
"5","5"
"5","'"
"5","a"
"5","6"
"5","b"
"5","5"
"5","'"
"5","6"
"5","."
"5","."
"5","."
"5","5"
"5","5"
"5","."
"5","a"
"5","a"
"5","."
"5","."
"5","'"
"5","'"
"5","a"
"5","'"
"5","5"
"5","'"
"5","."
"5","a"
"5","'"
"5","'"
"5","'"
"5","a"
"5","5"
"5","."
"6","6"
"6","6"
"6","6"
"6","6"
"6","i"
"6","6"
"6","6"
"6","b"
"6","to"
"6","6"
"6","("
"6","6"
"6","t"
"6","6"
"6","6"
"6","(o"
"6","6"
"6","6"
"6","I"
"6","6"
"6","6"
"6","6"
"6","t"
"6","6"
"6","6"
"6","6"
"6","6"
"6","6"
"6","6"
"6","6"
"6","6"
"6","6"
"6","6"
"6","to"
"6","6"
"6","i"
"6","6"
"6","6"
"6","to"
"6","6"
"6","to"
"6","("
"6","6"
"6","6"
"6","6"
"6","6"
"6","6"
"6","6"
"6","6"
"6","6"
"6","6"
"6","to"
"6","6"
"6","i"
"6","6"
"6","t"
"6","6"
"6","6"
"6","6"
"6","6"
"6","6"
"6","6"
"6","6"
"6","to"
"6","'"
"6","6"
"6","("
"6","6o"
"6","6"
"6","i"
"6","6"
"6","i"
"6","to"
"6","6"
"6","6"
"6","6"
"6","b"
"6","6o"
"6","6"
"6","6"
"6","6"
"6","6"
"6","6"
"6","t"
"6","6"
"6","6"
"6","6"
"6","t"
"6","6"
"6","6"
"6","6"
"6","6f"
"6","t"
"6","6"
"6","f"
"6","6o"
"6",""""
"6",""""
"6","b"
"6","6"
"6","6o"
"6","6"
"6","6"
"6","6"
"6","6"
"6","6"
"6","6"
"6","6"
"6","6"
"6","6"
"6","to"
"6","fo"
"6","t"
"6","6"
"6","t"
"6",","
"6","6"
"6","6"
"6","6o"
"6","6f"
"6","6"
"6","6"
"6","to"
"6","to"
"7","7"
"7","A"
"7","7"
"7","a"
"7","A"
"7","A"
"7","7"
"7","A"
"7","A"
"7","7"
"7","7"
"7","7"
"7","A"
"7","7"
"7","7"
"7","A"
"7","7"
"7","at"
"7","It"
"7","it"
"7","A"
"7","7"
"7","7t"
"7","I"
"7","I"
"7","I"
"7","a"
"7","A"
"7","I"
"7","I"
"7","I"
"7","7"
"7","7"
"7","1"
"7",","
"7","I"
"7","I"
"7","?"
"7","I"
"7","?"
"7",","
"7","I"
"7","I"
"7","I"
"7","I"
"7","I"
"7","?"
"7","?"
"7","I"
"7","I"
"7","I"
"7","I"
"7","I"
"7","I"
"7","I"
"7","I"
"7","I"
"7","I"
"7","I"
"7","I"
"7","'"
"7","I"
"7","I"
"7","7"
"7","7"
"7","7"
"7","7"
"7","7"
"7","a"
"7","7"
"7","7"
"7","7"
"7","7"
"7","7"
"7","7"
"7","7"
"7","7"
"7","7"
"7","7"
"7","7"
"7","7"
"7","7"
"7","7"
"7","I"
"7","7"
"7","7"
"7","A"
"7","7"
"7","7"
"7","7"
"7","7"
"7","I"
"7","7"
"7","7"
"7","7"
"7","7"
"7","7"
"7","o"
"7","a"
"7","7"
"7","7"
"7","7"
"7","7"
"7","I"
"7","a"
"7","A"
"7","7"
"7","I"
"7","7"
"7","7"
"7","I"
"7","I"
"7","7"
"7","7t"
"7","7"
"7","7"
"7","7"
"7","7"
"7","?"
"7","I"
"7","7"
"7","7t"
"7","7"
"7","7"
"8","3"
"8","3"
"8","8"
"8","a"
"8","3"
"8","3"
"8","3"
"8","3"
"8","3"
"8","3"
"8","3"
"8","3"
"8","3"
"8","3"
"8","3"
"8","3"
"8","3"
"8","13"
"8","Is"
"8","13"
"8","3"
"8","3"
"8","2"
"8","3"
"8","3"
"8","3"
"8","&"
"8","9"
"8","?"
"8","'s"
"8",",o"
"8",".o"
"8","to"
"8","b"
"8","&"
"8","8"
"8","ho"
"8","8"
"8","8"
"8","3"
"8","8"
"8","8"
"8","'"
"8","."
"8","'"
"8","'"
"8","a"
"8","3s"
"8","8"
"8","8"
"8","a"
"8","a"
"8","3"
"8","3"
"8","3"
"8","8"
"8","9"
"8","3"
"8","3"
"8","3"
"8","3"
"8","8"
"8","a"
"8","a"
"8","a"
"8","&"
"8","8"
"8","&"
"8","&"
"8","&"
"8","&"
"8","a"
"8","a"
"8","a"
"8","&"
"8","&"
"8","h"
"8","a"
"8","9"
"8","a"
"8","&"
"8","a"
"8","&"
"8","h"
"8","a"
"8","&"
"8","&"
"8","&"
"8","a"
"8","&"
"8","&"
"8","8"
"8","9"
"8","8"
"8","?"
"8","3"
"8","8"
"8","'"
"8","3s"
"8","3"
"8","3"
"8","3"
"8","3"
"8","'"
"8","3"
"8","'"
"8","t"
"8","8"
"8","8"
"8","8"
"8","3"
"8","8"
"8","3"
"8","8"
"8","3"
"8","8s"
"8","8"
"8","3"
"8","8s"
"8","3"
"8","3"
"8","3"
"8","3"
"8","8"
"9","a"
"9","?"
"9","a"
"9","a"
"9","?"
"9","a"
"9","9"
"9","a"
"9","a"
"9","a"
"9","a"
"9","a"
"9","?"
"9","9"
"9","a"
"9","a"
"9","a"
"9","1"
"9","'"
"9","is"
"9","a"
"9","?"
"9","a"
"9","a"
"9","I"
"9","a"
"9","a"
"9","a"
"9","a"
"9","9"
"9","?"
"9","9"
"9","a"
"9","a"
"9","a"
"9","a"
"9","G"
"9","I"
"9","a"
"9","+"
"9","9"
"9","9"
"9","+"
"9","9"
"9","9"
"9","A"
"9","9"
"9","9"
"9","A"
"9","9"
"9","a"
"9","I"
"9","9"
"9","9"
"9","9"
"9","9"
"9","9"
"9","a"
"9","9"
"9","9"
"9","A"
"9","8"
"9","I"
"9","I"
"9","9"
"9","I"
"9","9"
"9","I"
"9","I"
"9","9"
"9","9"
"9","I"
"9","I"
"9","9"
"9","I"
"9","9"
"9","I"
"9","I"
"9","I"
"9","I"
"9","9"
"9","9"
"9","9"
"9","I"
"9","I"
"9","I"
"9","I"
"9","I"
"9","I"
"9","9"
"9","I"
"9","9"
"9","+"
"9","a"
"9","a"
"9","a"
"9","a"
"9","a"
"9","a"
"9","a"
"9","a"
"9","a"
"9","a"
"9","I"
"9","a"
"9","a"
"9","7"
"9","9"
"9","4"
"9","9"
"9","a"
"9","a"
"9","a"
"9","a"
"9","9"
"9","a"
"9","a"
"9","a"
"9","2"
"9","9"
"9","9"
"9","a"
"9","a"
"9","I"
"0",""""
"0","0o"
"0","o"
"0","D"
"0",","
"0","o"
"0",",o"
"0","o"
"0","C"
"0","o"
"0","o"
"0","o"
"0","o"
"0","o"
"0","o"
"0",","
"0","o"
"0","wh"
"0","to"
"0","i"
"0","C"
"0","D"
"0","ce"
"0","s"
"0","'e"
"0","wo"
"0","o"
"0","to"
"0",","
"0","o"
"0","'"
"0","a"
"0","N"
"0","I"
"0","A"
"0","I"
"0","I"
"0","a"
"0","I"
"0","D"
"0",","
"0","o"
"0","I"
"0",","
"0","D"
"0",")"
"0","I"
"0","I"
"0","a"
"0","D"
"0","."
"0","a"
"0","D"
"0","D"
"0","a"
"0","o"
"0","'"
"0","D"
"0","."
"0","a"
"0","."
"0","a"
"0","o"
"0","o"
"0","o"
"0","o"
"0","o"
"0","o"
"0","o"
"0","o"
"0","o"
"0","o"
"0","o"
"0","o"
"0",".o"
"0","."
"0","o"
"0","o"
"0","o"
"0","o"
"0","o"
"0","o"
"0","o"
"0","o"
"0","o"
"0","o"
"0","o"
"0","o"
"0","o"
"0","o"
"0","."
"0","o"
"0","o"
"0","D"
"0","h"
"0",".o"
"0","."
"0","o"
"0","h"
"0","."
"0","h"
"0","h"
"0","o"
"0","a"
"0","."
"0","o"
"0","D"
"0","a"
"0","."
"0",","
"0","."
"0","a"
"0","h"
"0","o"
"0","o"
"0","D"
"0","t"
"0","a"
"0","t"
"0","a"
"0","a"
"0","s"
"0","a"
"0",".o"
"1",","
"1",","
"1","'"
"1","I"
"1","I"
"1",","
"1",","
"1",""""
"1","'"
"1","'"
"1","'"
"1","'"
"1","I"
"1","'"
"1","'"
"1","'"
"1","'"
"1",""""
"1",""""
"1","'"
"1",","
"1","I"
"1",","
"1","I"
"1","'"
"1",","
"1",","
"1","'"
"1","'"
"1","I"
"1","I"
"1","1"
"1","I"
"1","I"
"1","I"
"1","A"
"1","A"
"1","1"
"1","At"
"1","1."
"1","1"
"1","I"
"1","1"
"1","1"
"1","1"
"1","1"
"1","A"
"1","1"
"1","A"
"1","1"
"1","i"
"1","1"
"1","1"
"1","1"
"1","1"
"1","1"
"1","i"
"1","I"
"1","A"
"1","I"
"1","a"
"1","I"
"1","1"
"1","1"
"1","1"
"1","a"
"1","1"
"1","a"
"1","1"
"1","1"
"1","1"
"1","1"
"1","1"
"1","1"
"1","1"
"1","h"
"1","1"
"1","1"
"1","1"
"1","1"
"1","1"
"1","1"
"1","1"
"1","1"
"1","1"
"1",""""
"1",""""
"1","1"
"1","1"
"1","1"
"1","1"
"1","1"
"1","1"
"1","1"
"1","1"
"1","1"
"1",","
"1","I"
"1","I"
"1","I"
"1","I"
"1","1"
"1","1"
"1","1"
"1","1"
"1","1"
"1","1"
"1","1"
"1","1"
"1","1"
"1","1"
"1","1"
"1","1"
"1","1"
"1","1"
"1","1"
"1","1"
"1","1"
"1","1"
"1","1"
"1","1"
"1","1"
"1","1"
"1","1"
"2","1"
"2","'"
"2","'"
"2",")"
"2",")"
"2",","
"2","?"
"2","?"
"2","?"
"2",")"
"2","?"
"2",")"
"2","2"
"2","?"
"2","2"
"2","?"
"2","?"
"2","12"
"2","I2"
"2","Ia"
"2","?"
"2","?"
"2","?"
"2","?"
"2","?"
"2","?"
"2","?"
"2","?"
"2","?"
"2",","
"2","?"
"2","?"
"2","?"
"2","?"
"2","2"
"2","2"
"2","?"
"2","?"
"2","?"
"2","?"
"2","?"
"2","?"
"2","?"
"2","?"
"2","?"
"2","2"
"2","?"
"2","2"
"2","?"
"2","2"
"2","?."
"2","?"
"2","2"
"2","2"
"2","?"
"2","?"
"2","?"
"2","?"
"2","?"
"2","?"
"2","?"
"2","?"
"2","a"
"2","?"
"2","a"
"2","2"
"2","?"
"2","2"
"2","?"
"2","?"
"2","?"
"2","2"
"2","2"
"2","?"
"2","2"
"2","2"
"2","2"
"2","?"
"2","a"
"2","R"
"2","?"
"2","a"
"2","R"
"2","?"
"2","a"
"2","?"
"2","?"
"2","?"
"2","2"
"2","2"
"2","2"
"2",""""
"2","2"
"2","?"
"2","?"
"2","?"
"2","?"
"2","?"
"2","?"
"2","?"
"2","?"
"2","?"
"2","?"
"2","?"
"2","2"
"2","2"
"2","?"
"2","?"
"2","2"
"2","2"
"2","?"
"2","?"
"2","?"
"2","?"
"2","?"
"2","?"
"2","2"
"2","?"
"2","2"
"2","?"
"2","2"
"2","?"
"2","2"
"2","?"
"3","3"
"3","3"
"3","3"
"3","3"
"3","3"
"3","3"
"3","3"
"3","3"
"3","3"
"3","3"
"3","3"
"3","3"
"3","3"
"3","3"
"3","3"
"3","3"
"3","3"
"3","'s"
"3","'s"
"3","'3"
"3","3"
"3","3"
"3","3"
"3","3"
"3","3"
"3","3"
"3","3"
"3","3"
"3","3"
"3","3"
"3","3"
"3","3"
"3","3"
"3","3"
"3","3"
"3","3"
"3","3"
"3","3"
"3","3"
"3","3"
"3","3"
"3","3"
"3","3"
"3","3"
"3","3"
"3","3"
"3","3"
"3","3"
"3","3"
"3","3"
"3","3"
"3","3"
"3","3"
"3","3"
"3","3"
"3","3"
"3","3"
"3","3"
"3","3"
"3","3"
"3","3"
"3","3"
"3","?"
"3","?"
"3","?"
"3","?"
"3","3"
"3","?"
"3","?"
"3","?"
"3","?"
"3","?"
"3","?"
"3","?"
"3","?"
"3","?"
"3","?"
"3","3"
"3","?"
"3","?"
"3","?"
"3","?"
"3","?"
"3","?"
"3","3"
"3","?"
"3","?"
"3","3"
"3","?"
"3","?"
"3","3"
"3","3"
"3","3"
"3","3"
"3","3"
"3","3"
"3","3"
"3","?"
"3","3"
"3","3"
"3","3"
"3","3"
"3","3"
"3","3"
"3","3"
"3","3"
"3","3"
"3","3"
"3","3"
"3","3"
"3","3"
"3","3"
"3","3"
"3","3"
"3","3"
"3","3"
"3","3"
"3","3"
"3","3"
"3","3"
"3","3"
"3","3"
"3","3"
"3","3"
"4","a"
"4","a"
"4","a"
"4","a"
"4","a"
"4","A"
"4","A"
"4","A"
"4","4"
"4","4"
"4","a"
"4","a"
"4","A"
"4","a"
"4","Af"
"4","a"
"4","of"
"4","17"
"4","1at"
"4","Yt"
"4","o"
"4","A"
"4","A"
"4","o"
"4","o"
"4","4"
"4","I"
"4","o"
"4","A"
"4","o"
"4","A"
"4","4"
"4",""""
"4","4"
"4","4"
"4","4"
"4","4"
"4","4"
"4",""""
"4","4"
"4","4"
"4","4"
"4","4"
"4","4"
"4",""""
"4","4."
"4","4"
"4","4"
"4","4"
"4","4"
"4","4"
"4","4"
"4","ly"
"4","4"
"4","4"
"4",""""
"4",""""
"4",""""
"4","4"
"4","4"
"4","4f"
"4","4"
"4",""""
"4","4"
"4",""""
"4",""""
"4","4"
"4",""""
"4",""""
"4",""""
"4",""""
"4",""""
"4",""""
"4","ty"
"4","4"
"4",""""
"4","4"
"4",""""
"4","4"
"4","4"
"4","4"
"4",""""
"4","4"
"4","4"
"4","4"
"4","4."
"4","4"
"4",""""
"4","4y"
"4",""""
"4","4"
"4",""""
"4",""""
"4","4"
"4",""""
"4","4"
"4",""""
"4",""""
"4",""""
"4","4"
"4",""""
"4",""""
"4","4"
"4",""""
"4",""""
"4",""""
"4",""""
"4","4"
"4",""""
"4",""""
"4","4t"
"4",""""
"4","4"
"4","4"
"4","4"
"4",""""
"4","4"
"4","4"
"4","4y"
"4","4"
"4",""""
"4","4"
"4","4"
"4",""""
"5","5"
"5","'"
"5","a"
"5","'"
"5","a"
"5","a"
"5","'"
"5","."
"5","a"
"5","a"
"5","'"
"5","'"
"5","a"
"5","'"
"5","'"
"5","Is"
"5","is"
"5","Is"
"5","Is"
"5","Is"
"5","'"
"5","'"
"5","a"
"5","'"
"5","'"
"5","as"
"5","a"
"5","a"
"5","."
"5","'"
"5","."
"5","a"
"5","'"
"5","'"
"5","'"
"5","'"
"5","'"
"5","."
"5","'"
"5","5"
"5","'"
"5","a"
"5","'"
"5","'"
"5","'"
"5","'"
"5","."
"5","'"
"5","'"
"5","'"
"5","'"
"5","a"
"5","'"
"5","'"
"5","'"
"5","a"
"5","."
"5","I"
"5","'"
"5","."
"5","a"
"5","a"
"5","'"
"5","'"
"5","'s"
"5","5"
"5","'"
"5","'"
"5","is"
"5","a"
"5","'"
"5",":"
"5","3"
"5","'"
"5","as"
"5","."
"5","'"
"5","5"
"5","3"
"5","'"
"5","'"
"5","as"
"5","?"
"5","a"
"5","'"
"5","5"
"5","3"
"5","a"
"5","?"
"5","'"
"5","'"
"5",","
"5","'"
"5","'"
"5","3"
"5","5"
"5","'"
"5",","
"5","'"
"5","5"
"5","os"
"5","."
"5","3"
"5","a"
"5","'"
"5","'"
"5","a"
"5","'"
"5","a"
"5","a"
"5","'"
"5","'"
"5","3"
"5","'"
"5","a"
"5","'"
"5","'"
"5","."
"5","'"
"5","'"
"5","a"
"5","'"
"5","a"
"5","a"
"6","b"
"6","6"
"6","6"
"6","t"
"6","6"
"6","t"
"6","6"
"6","6"
"6","6"
"6","6"
"6","6"
"6","6"
"6","6"
"6","6"
"6","6"
"6","I6s"
"6","'s"
"6","16"
"6","16"
"6","16"
"6","6"
"6","i"
"6","6"
"6","6"
"6","6"
"6","6"
"6","t"
"6","6"
"6","6"
"6","6"
"6","6"
"6","6"
"6","t"
"6","6"
"6","6"
"6","6o"
"6","6"
"6","8"
"6","6"
"6","6f"
"6","6"
"6","6"
"6","6"
"6","6"
"6","6"
"6","6"
"6","6"
"6","6"
"6","6"
"6","6"
"6","6"
"6","G"
"6","6"
"6","i"
"6","h"
"6","."
"6","5"
"6","bi"
"6","6"
"6","6"
"6","6"
"6","6"
"6","t"
"6","t"
"6","to"
"6","to"
"6","t"
"6","io"
"6","t"
"6",",o"
"6","to"
"6","b"
"6",","
"6","t"
"6","to"
"6","to"
"6","to"
"6","to"
"6","6"
"6","t"
"6","to"
"6","t"
"6","6"
"6","t"
"6","t"
"6",","
"6","t"
"6","to"
"6","6"
"6",","
"6","t"
"6","t"
"6","t"
"6","t"
"6","6"
"6","6"
"6","to"
"6","i"
"6","6"
"6","6"
"6","6"
"6","i"
"6","6"
"6","6"
"6","6"
"6","6"
"6","6"
"6","6"
"6","o"
"6","6"
"6","6"
"6","6"
"6","6"
"6","6"
"6","6"
"6","6"
"6","6"
"6","i"
"6","io"
"6","6"
"6","6"
"6","6"
"6","6"
"6","6"
"7","a"
"7","7"
"7","?"
"7","7"
"7","7"
"7","7"
"7","7"
"7","7"
"7","7"
"7","I"
"7","A"
"7","I"
"7","7"
"7","7"
"7",""""
"7","I7"
"7","1t"
"7","17"
"7","17"
"7","I7"
"7","7rr"
"7","'"
"7","I"
"7","7"
"7","7"
"7","7"
"7","7"
"7","a"
"7","I"
"7","7"
"7","7"
"7","7"
"7","7"
"7","7"
"7","I"
"7","7"
"7","A"
"7","A"
"7","i"
"7","7"
"7","o"
"7","A"
"7","I"
"7","7"
"7","a"
"7","a"
"7","7"
"7","I"
"7","7"
"7","7"
"7","7"
"7","7"
"7","7"
"7","7"
"7","7"
"7","7"
"7","7"
"7","7"
"7","7"
"7","7"
"7","a"
"7","7"
"7","7"
"7","A"
"7","7"
"7","7"
"7","7"
"7","i"
"7","7"
"7","7"
"7","7"
"7","7"
"7","7"
"7","7"
"7","a"
"7","7"
"7","7"
"7","?"
"7","."
"7","I"
"7","?"
"7","?"
"7","7"
"7","?"
"7","7"
"7","7"
"7","?"
"7","?"
"7","?"
"7","a"
"7","a"
"7","?"
"7","I"
"7","7"
"7","7"
"7","7"
"7","7"
"7","7"
"7","7"
"7","7"
"7","7"
"7","7"
"7","7"
"7","7"
"7","7"
"7","i"
"7","7"
"7","7"
"7","7"
"7","7"
"7","a"
"7","7"
"7","7"
"7","7"
"7","7"
"7","7"
"7","A"
"7","7"
"7","7"
"7","A"
"7","7"
"7","a"
"7","7"
"7","7"
"8","9"
"8","8"
"8","3"
"8","ao"
"8","a"
"8","3"
"8","3"
"8","8"
"8","3"
"8","3"
"8","8"
"8","a"
"8","8"
"8","3"
"8","'s"
"8","1"
"8","13"
"8","I83"
"8","'3"
"8","18s"
"8","3"
"8","&"
"8","3"
"8","3"
"8","3"
"8","as"
"8","a"
"8","3"
"8","b"
"8","8"
"8","3"
"8","3"
"8","3"
"8","8"
"8","3"
"8","8"
"8","3"
"8","'"
"8","8"
"8","3"
"8","3"
"8","&"
"8","3"
"8","&"
"8","&"
"8","&"
"8","3"
"8","8"
"8","3"
"8","3"
"8","3"
"8","3"
"8","3e"
"8","3"
"8","&"
"8","3"
"8","3"
"8","3"
"8","3"
"8","3s"
"8","&"
"8","3"
"8","8s"
"8","a"
"8","a"
"8","a"
"8","3"
"8","9"
"8","3"
"8","8"
"8","3"
"8","3"
"8","a"
"8","a"
"8","3"
"8","as"
"8","3"
"8","'"
"8","3"
"8","3"
"8","'s"
"8","as"
"8","3s"
"8","3"
"8","3s"
"8","3"
"8","a"
"8","8"
"8","a"
"8","a"
"8","3"
"8","'"
"8","3"
"8","3"
"8","3"
"8","8"
"8","t"
"8","3"
"8","'"
"8","'"
"8","D"
"8","3"
"8","'"
"8","3"
"8","a"
"8","a"
"8","3"
"8","3"
"8","3"
"8","as"
"8","as"
"8","a"
"8","a"
"8","3"
"8","as"
"8","3s"
"8","3"
"8","?"
"8","a"
"8","a"
"8","3"
"8","a"
"8","a"
"8","3"
"9","a"
"9","a"
"9","a"
"9","a"
"9","a"
"9","a"
"9","a"
"9","a"
"9","a"
"9",","
"9","I"
"9","I"
"9","a"
"9","?"
"9","I"
"9","Ie"
"9","is"
"9","I"
"9","1"
"9","I"
"9","I"
"9","ahs"
"9","a"
"9","1"
"9","a"
"9","a"
"9","thg"
"9","a"
"9","I"
"9","?"
"9","I"
"9","G"
"9","G"
"9","a"
"9","I"
"9","?"
"9","a"
"9","a"
"9","9"
"9","a"
"9","I"
"9","I"
"9","I"
"9","a"
"9","a"
"9","a"
"9","a"
"9","a"
"9","a"
"9","."
"9","I"
"9","a"
"9","a"
"9","I"
"9","a"
"9","A"
"9","I"
"9","a"
"9","I"
"9","I"
"9","!"
"9","a"
"9","I"
"9","a"
"9","I"
"9","+"
"9","9"
"9","+"
"9","."
"9","."
"9","."
"9","+"
"9","a"
"9","+"
"9","a"
"9",""""
"9","."
"9","o"
"9","I"
"9","I"
"9","9"
"9","'"
"9","I"
"9","9"
"9","."
"9","9"
"9","."
"9","o"
"9",","
"9","9"
"9","I"
"9","9"
"9","3"
"9","?"
"9","a"
"9",""""
"9",""""
"9",""""
"9","?"
"9","a"
"9",""""
"9","a"
"9","a"
"9","a"
"9",""""
"9","D"
"9","a"
"9",""""
"9","a"
"9","a"
"9","?"
"9","a"
"9","a"
"9","?"
"9","a"
"9","a"
"9",""""
"9","i"
"9","a"
"9",",f"
"9","i"
"9","a"
"9","a"
"9","of"
"0","("
"0","O"
"0","o"
"0","o"
"0","O"
"0","D"
"0","a"
"0",""""
"0","("
"0","O"
"0","o"
"0","N"
"0","a"
"0","a"
"0","I"
"0","O"
"0","."
"0","O"
"0","to"
"0","a"
"0",","
"0","o"
"0",","
"0",","
"0","N"
"0","A"
"0","N"
"0","a"
"0","O"
"0","N"
"0",","
"0","O"
"0","N"
"0","D"
"0","O"
"0","o"
"0","I"
"0","N"
"0","N"
"0","N"
"0","N"
"0","N"
"0",","
"0","o"
"0","O"
"0","("
"0","N"
"0","O"
"0","O"
"0","D"
"0","I"
"0",","
"0","D"
"0","a"
"0","'"
"0","O"
"0","("
"0","a"
"0","a"
"0","D"
"0","o"
"0","O"
"0","D"
"0","O"
"0",""""
"0","D"
"0","O"
"0",","
"0","O"
"0","("
"0","O"
"0","D"
"0","'"
"0","O"
"0","."
"0","O"
"0","."
"0",","
"0","o"
"0","."
"0","s"
"0","D"
"0","a"
"0",","
"0","D"
"0",","
"0",","
"0",","
"0","0"
"0","O"
"0","O"
"0",")"
"0",","
"0","."
"0","s"
"0","o"
"0","'"
"0","."
"0",""""
"0","'"
"0",","
"0","."
"0",":"
"0","o"
"0","h"
"0","."
"0","ho"
"0","h"
"0","."
"0","'"
"0","h"
"0","h"
"0","s"
"0","'"
"0","h"
"0",""o"
"0","."
"0",":"
"0","'"
"0","'"
"0","t"
"0","wo"
"0","ho"
"0","in"
"1","1"
"1","1"
"1","1"
"1","1"
"1","1"
"1","1"
"1","I"
"1","1"
"1","1"
"1","1"
"1","1"
"1","1"
"1","1"
"1","1"
"1","1"
"1","i"
"1","1"
"1","1"
"1","1t"
"1","1"
"1","1"
"1","1"
"1","1"
"1","1"
"1","1"
"1","1"
"1","1"
"1","1"
"1","1"
"1","1"
"1","1"
"1","A"
"1","1"
"1","a"
"1",""""
"1","1"
"1","1"
"1","o"
"1","1"
"1","1"
"1","a"
"1","1"
"1","1"
"1","1"
"1","A"
"1","1"
"1","1"
"1","1"
"1","1"
"1","1"
"1","1"
"1","1"
"1","1"
"1","1"
"1","1"
"1","1"
"1","I"
"1","1"
"1","A"
"1","."
"1","1"
"1","A"
"1","1"
"1","1"
"1","I"
"1","1"
"1","I"
"1","1"
"1","1"
"1","1"
"1","1"
"1","1"
"1","I"
"1","I"
"1","I"
"1","I"
"1",")"
"1","I"
"1","1"
"1","1"
"1","I"
"1","I"
"1","1"
"1","1"
"1","A"
"1","1"
"1","A"
"1","1"
"1","1"
"1","A"
"1","1"
"1","I"
"1","I"
"1",","
"1","I"
"1","I"
"1","'"
"1","I"
"1",","
"1",","
"1","'"
"1","'"
"1","'"
"1","'"
"1",","
"1","I"
"1","'"
"1",","
"1","I"
"1","I"
"1","'"
"1",","
"1",","
"1","I"
"1","'"
"1",""""
"1",","
"1","I"
"1",","
"1",","
"1","."
"1","'"
"1","."
"1","'"
"2","?"
"2","?"
"2","?"
"2","?"
"2","?"
"2","?"
"2","?"
"2","?"
"2","?"
"2","?"
"2","?"
"2","?"
"2","?"
"2","?"
"2","?"
"2","?"
"2","?"
"2","?"
"2","12"
"2","?"
"2","?"
"2","?"
"2","?"
"2","2"
"2","?"
"2","?"
"2","?"
"2","?"
"2","?"
"2","?"
"2","I"
"2","I"
"2","?"
"2","?"
"2","?"
"2","?"
"2","?"
"2","?"
"2","?"
"2","?"
"2","?"
"2","?"
"2","?"
"2","?"
"2","?"
"2","?"
"2","?"
"2","?"
"2","?"
"2","?"
"2","?"
"2","?"
"2","?"
"2","?"
"2","?"
"2","?"
"2","2"
"2","?"
"2","?"
"2","?"
"2","2"
"2","?"
"2","I"
"2","?"
"2","?"
"2","2"
"2","?"
"2","?"
"2","?"
"2","?"
"2","2"
"2","2"
"2","?"
"2","?"
"2","?"
"2","?"
"2","?"
"2","2"
"2","?"
"2","2"
"2","?"
"2","?"
"2","?"
"2","2"
"2","?"
"2","?"
"2","2"
"2","2"
"2","2"
"2","?"
"2","?"
"2","2"
"2","?"
"2","2"
"2","2"
"2","a"
"2","a"
"2","I"
"2","I"
"2","2"
"2","I"
"2","2"
"2","2"
"2","?"
"2","2"
"2","2"
"2","2"
"2","2"
"2","2"
"2",""""
"2","a"
"2","?"
"2","?"
"2","2"
"2","a"
"2","2"
"2","2"
"2","I"
"2","?"
"2","a"
"2","a"
"2","a"
"2","a"
"2","2"
"3","3"
"3","?"
"3","3"
"3","?"
"3","3"
"3","3"
"3","3"
"3","3"
"3","?"
"3","?"
"3","3"
"3","?"
"3","?"
"3","?"
"3","?"
"3","3"
"3","?"
"3","3"
"3","13"
"3","?"
"3","?"
"3","?"
"3","3"
"3","3"
"3","?"
"3","?"
"3","?"
"3","?"
"3","3"
"3","?"
"3","?"
"3","?"
"3","?"
"3","?"
"3","3"
"3","?"
"3","?"
"3","?"
"3","?"
"3","?"
"3","?"
"3","?"
"3","?"
"3","?"
"3","?"
"3","?"
"3","?"
"3","?s"
"3","?"
"3","?"
"3","'"
"3","?"
"3","3"
"3","?"
"3","?"
"3","3"
"3","?"
"3","?"
"3","3"
"3","3"
"3","3"
"3","3"
"3","3"
"3","3"
"3","3"
"3","3"
"3","3"
"3","3"
"3","3"
"3","3"
"3","3"
"3","3"
"3","3"
"3","3"
"3","3"
"3","3"
"3","3"
"3","3"
"3","3"
"3","3"
"3","3"
"3","3"
"3","3"
"3","3"
"3","3"
"3","3"
"3","3"
"3","3"
"3","3"
"3","3"
"3","3"
"3","3"
"3","3"
"3","3"
"3","3"
"3","?"
"3","?"
"3","?"
"3","3"
"3","a"
"3","?"
"3","?"
"3","?s"
"3","?"
"3","3"
"3","?s"
"3","3"
"3","a"
"3","3"
"3","3"
"3","3"
"3","3"
"3","3"
"3","2"
"3","i"
"3","3"
"3","3"
"3","?"
"3","3"
"3","3"
"3","7"
"3","3"
"3","'"
"3","?"
"4","4"
"4","A"
"4","a"
"4","a"
"4","I"
"4","a"
"4","A"
"4","A"
"4","a"
"4","a"
"4","A"
"4","o"
"4","4"
"4","4"
"4","A"
"4","4"
"4","Af"
"4","A"
"4","I7"
"4","1"
"4","a"
"4","A"
"4","A"
"4","a"
"4","b"
"4","it"
"4","A"
"4","A"
"4","a"
"4","a"
"4","a"
"4","4"
"4","A"
"4","A"
"4","a"
"4","A"
"4","a"
"4","a"
"4","a"
"4","a"
"4","a"
"4","a"
"4","A"
"4","a"
"4","Af"
"4","a"
"4","4"
"4","A"
"4","a"
"4","a"
"4","a"
"4","4"
"4","A"
"4","a"
"4","4"
"4","a"
"4","a"
"4","A"
"4","a"
"4","a"
"4","a"
"4","a"
"4","4"
"4","4f"
"4","4"
"4","l"
"4","l"
"4","4"
"4","4"
"4","4"
"4","4"
"4",""y"
"4",""""
"4","'"
"4","4"
"4",""""
"4","4"
"4","4"
"4",""""
"4","4"
"4",""""
"4","4"
"4",""""
"4",""""
"4",""""
"4","4"
"4","4"
"4","4y"
"4","4"
"4","4"
"4","4"
"4",""""
"4","4"
"4",""""
"4",""""
"4",","
"4","h"
"4","'"
"4","h"
"4","h"
"4","i"
"4","in"
"4","'"
"4",""""
"4",""""
"4","t"
"4",""""
"4","'"
"4","&"
"4","'"
"4",""""
"4","b"
"4","h"
"4","'"
"4",""""
"4","'"
"4","'"
"4","'"
"4","h"
"4","t"
"4","a"
"4","h"
"4","h"
"4","'"
"5","'"
"5","i"
"5","'"
"5","'"
"5","."
"5","3"
"5","."
"5","'"
"5","a"
"5","3"
"5","8"
"5","'"
"5","a"
"5",":"
"5","'"
"5","'"
"5","5"
"5","a"
"5","is"
"5","a"
"5","a"
"5","as"
"5","8"
"5","a"
"5",""""
"5","a"
"5","s"
"5","3"
"5","'s"
"5","a"
"5","a"
"5","'"
"5","'s"
"5","'"
"5","'s"
"5","'"
"5","."
"5","'s"
"5","'"
"5","'s"
"5","'"
"5","8"
"5","a"
"5","s"
"5","5s"
"5","a"
"5","3"
"5","a"
"5","5"
"5","s"
"5","a"
"5","s"
"5","'"
"5","ss"
"5","'"
"5","."
"5","I"
"5","a"
"5","'s"
"5","'"
"5","'s"
"5","'"
"5","b"
"5","'"
"5","a"
"5","'"
"5","."
"5","'"
"5","a"
"5","'"
"5","."
"5","a"
"5","'"
"5","'"
"5","."
"5","a"
"5","a"
"5","a"
"5","a"
"5","a"
"5","."
"5","'s"
"5","a"
"5","."
"5","a"
"5","'"
"5","'"
"5","a"
"5","."
"5","."
"5","."
"5","."
"5","a"
"5","."
"5","'"
"5","'"
"5","."
"5","a"
"5","as"
"5","as"
"5","a"
"5","as"
"5","as"
"5","a"
"5","As"
"5","'"
"5","a"
"5","'"
"5","'s"
"5","'"
"5","'s"
"5","a"
"5","'s"
"5","'"
"5","a"
"5","a"
"5","a"
"5","5"
"5","?"
"5","a"
"5","s"
"5","a"
"5","o"
"5","a"
"6","6"
"6","A"
"6","t"
"6","t"
"6","t"
"6","6"
"6","t"
"6","'"
"6","i"
"6","6"
"6","6"
"6","t"
"6","6"
"6","6"
"6","6"
"6","6"
"6","to"
"6","6"
"6","'"
"6","6"
"6","6"
"6","6"
"6","t"
"6","5"
"6","to"
"6","6"
"6","6"
"6","6"
"6","6"
"6","t"
"6","Gs"
"6","a"
"6","."
"6","6"
"6","to"
"6","to"
"6","6"
"6","t"
"6","t"
"6","6"
"6","a"
"6","6"
"6","6"
"6","a"
"6","6"
"6","6"
"6","t"
"6","'s"
"6","6"
"6","6"
"6","6"
"6","6"
"6","6"
"6","to"
"6","6"
"6","i"
"6","a"
"6","6"
"6","t"
"6","6"
"6","6"
"6","8s"
"6","6"
"6","6"
"6","6"
"6","a"
"6","5"
"6","8"
"6","6f"
"6","6"
"6","&s"
"6","6"
"6","8"
"6","6"
"6","i"
"6","6"
"6","6f"
"6","6"
"6","t"
"6","6"
"6","t"
"6","6"
"6","6"
"6","6"
"6","6"
"6","6"
"6","6"
"6","6"
"6","6"
"6","("
"6","6"
"6","is"
"6","6"
"6","("
"6","("
"6","'"
"6","to"
"6","to"
"6","to"
"6","to"
"6","t"
"6","'"
"6","."
"6","a"
"6",""""
"6","'"
"6","'"
"6",""""
"6","A"
"6","I"
"6","t"
"6","'"
"6",""""
"6","b"
"6","."
"6","b"
"6","("
"6","6"
"6","("
"6","i"
"6","'"
"6","&"
"6","Co"
"6","Mee"
"7","7"
"7","I"
"7","I"
"7","I"
"7","7"
"7","7"
"7","7"
"7","7"
"7","7"
"7","7"
"7","7"
"7","7"
"7","t"
"7","7"
"7","7"
"7","7"
"7","A"
"7","I7"
"7","I7"
"7","7"
"7","A"
"7","?"
"7","I"
"7","I"
"7","a"
"7","7"
"7","I"
"7","I"
"7",""""
"7","7"
"7","I"
"7","7"
"7","7"
"7","4"
"7","7"
"7","7"
"7","A"
"7","a"
"7","7"
"7","7t"
"7","7"
"7","A"
"7","7"
"7","7"
"7","tf"
"7","7"
"7","A"
"7","I"
"7","7"
"7","7"
"7","7"
"7","I"
"7","A"
"7","7"
"7","Iy"
"7","7"
"7","7"
"7","7t"
"7","I"
"7","I"
"7","7"
"7","7"
"7","7"
"7","7"
"7","7"
"7","I"
"7","7"
"7","7"
"7","7"
"7","7"
"7","I"
"7","7"
"7","I"
"7","7"
"7","7"
"7","7"
"7","7"
"7","7"
"7","I"
"7","7"
"7","7"
"7","7"
"7","7"
"7","7t"
"7","I"
"7","A"
"7","7"
"7","I"
"7","7"
"7","I"
"7","7"
"7","A"
"7","I"
"7","7"
"7","7"
"7","7"
"7","?"
"7","7"
"7","7"
"7","7"
"7","#"
"7","7"
"7","7"
"7","7"
"7","I"
"7","7"
"7","7"
"7",":"
"7","7"
"7","7"
"7","7"
"7",""""
"7",":"
"7","7"
"7","?"
"7","7"
"7","7"
"7","?"
"7","I"
"7","7"
"7","7"
"7","7"
"7","7"
"7","a"
"8","R"
"8","&"
"8","&"
"8","8"
"8","3"
"8","&"
"8","&"
"8","."
"8","&"
"8","a"
"8","h"
"8","8"
"8","g"
"8","B"
"8","&"
"8","3"
"8","A"
"8",""""
"8","I5"
"8","8"
"8","8"
"8","B"
"8","3"
"8","8"
"8","&"
"8","8"
"8","8"
"8","&"
"8","8"
"8","3"
"8","&"
"8","I"
"8","&"
"8","I"
"8","."
"8","'s"
"8","&"
"8","."
"8","&"
"8","9s"
"8","8"
"8","&"
"8","8"
"8","&"
"8","8"
"8","8"
"8","8s"
"8","8"
"8","8"
"8","8"
"8","&"
"8","8"
"8","."
"8","8"
"8","8"
"8","3"
"8","&"
"8","'"
"8","&"
"8","8"
"8","5"
"8","8"
"8","3"
"8","3s"
"8","3"
"8","3"
"8","3"
"8","8"
"8","2"
"8","3"
"8","3"
"8","3"
"8","a"
"8","3"
"8","3"
"8","3"
"8","'"
"8","3"
"8","3"
"8","3"
"8","so"
"8","'"
"8","3"
"8","3"
"8","3"
"8","a"
"8","3"
"8","3"
"8","3"
"8","3"
"8","3"
"8","3"
"8","3"
"8","A"
"8","I"
"8","I"
"8","&"
"8","?"
"8","1"
"8","I"
"8","I"
"8","I"
"8","i"
"8","."
"8","If"
"8","I"
"8","I"
"8","I"
"8","I"
"8","I"
"8","Is"
"8","1"
"8","I"
"8","I"
"8","I"
"8","I"
"8","i"
"8","I"
"8","I"
"8","I8"
"8","I"
"8","("
"8","I"
"8","3"
"9","of"
"9","I"
"9","a"
"9","I"
"9","9"
"9","G"
"9","2"
"9","9"
"9","I"
"9","I"
"9","G"
"9","'"
"9","o"
"9","?"
"9","9"
"9","a"
"9","3"
"9","1"
"9","1"
"9","I"
"9","."
"9","9"
"9","a"
"9","I"
"9","9"
"9","9"
"9","a"
"9","o"
"9","I"
"9","I"
"9","a"
"9","I"
"9","("
"9","a"
"9","o"
"9","9"
"9","o"
"9","+"
"9","'"
"9","9"
"9","I"
"9","of"
"9","I"
"9","o"
"9","4"
"9","o"
"9","9"
"9","9"
"9","a"
"9","9"
"9","?"
"9","I"
"9","9"
"9","I"
"9","9"
"9","O"
"9","I"
"9","9y"
"9","9"
"9","3"
"9","I"
"9","+"
"9","I"
"9","a"
"9","I"
"9","a"
"9","a"
"9","a"
"9","I"
"9","I"
"9","I"
"9","?"
"9","9"
"9","a"
"9","9"
"9","a"
"9","?"
"9","a"
"9","a"
"9","a"
"9","a"
"9","a"
"9","I"
"9","a"
"9","a"
"9","9"
"9","a"
"9","I"
"9","a"
"9","9"
"9","a"
"9","I"
"9","9"
"9","a"
"9","a"
"9","a"
"9","a"
"9","a"
"9","a"
"9","a"
"9","a"
"9","a"
"9","a"
"9",","
"9","a"
"9","a"
"9",")"
"9",","
"9","a"
"9","a"
"9","9"
"9","9"
"9","1"
"9","9"
"9","a"
"9","a"
"9","9"
"9",""""
"9","a"
"9","a"
"9",","
"9","a"
"9","i"
"9","if"
"0","o"
"0","D"
"0","D"
"0","O"
"0","D"
"0","o"
"0","D"
"0","o"
"0","o"
"0","o"
"0","o"
"0","o"
"0","o"
"0","D"
"0","O"
"0","O"
"0","O"
"0","D"
"0",",o"
"0","O"
"0","O"
"0","Oo"
"0","o"
"0","o"
"0","o"
"0","o"
"0","O"
"0","o"
"0","s"
"0","o"
"0","D"
"0","D"
"0","o"
"0","t"
"0","t"
"0","R"
"0",",o"
"0","ce"
"0","a"
"0","o"
"0","'"
"0","o"
"0","C"
"0","Do"
"0","o"
"0","D"
"0","Rh"
"0","D"
"0","D"
"0","o"
"0","r"
"0","o"
"0","wo"
"0","o"
"0","C"
"0","o"
"0","C"
"0","o"
"0","o"
"0","D"
"0",")"
"0","ho"
"0","."
"0","D"
"0","D"
"0","D"
"0","O"
"0","D"
"0","D"
"0","D"
"0","O"
"0","D"
"0","D"
"0","O"
"0","N"
"0","D"
"0","D"
"0","D"
"0",""""
"0","D"
"0","N"
"0","O"
"0","O"
"0","D"
"0","O"
"0","O"
"0","O"
"0","I"
"0","n"
"0","D"
"0","D"
"0","D"
"0","N"
"0","N"
"0","h"
"0","D"
"0","'"
"0","'"
"0",""""
"0","6"
"0","'"
"0","D"
"0",""""
"0",""""
"0","'"
"0","D"
"0","'"
"0","D"
"0","O"
"0","D"
"0",""""
"0","'"
"0","D"
"0",""""
"0","D"
"0","."
"0","D"
"0","O"
"0","0"
"0","'"
"0","'"
"0","S"
"0","D"
"0","N"
"1","1"
"1","a"
"1","1"
"1","1"
"1","1"
"1","1"
"1","1"
"1","1"
"1","1"
"1","I"
"1","I"
"1","A"
"1","1"
"1","I"
"1","1"
"1","A."
"1","1"
"1","A"
"1","A"
"1","A"
"1","At"
"1","1"
"1","1"
"1","a"
"1","I"
"1","I"
"1","2"
"1","1"
"1","I"
"1","1"
"1","I"
"1","I"
"1","I"
"1","'"
"1","I"
"1","I"
"1","I"
"1","I"
"1","'"
"1","I"
"1","'"
"1","!"
"1","'"
"1","I"
"1",","
"1","I"
"1",""""
"1",","
"1",","
"1","I"
"1","I"
"1","I"
"1","I"
"1",","
"1","I"
"1","I"
"1",","
"1",""""
"1","I"
"1","!"
"1","'"
"1",","
"1","1"
"1","1"
"1","i"
"1","A"
"1","1"
"1","1"
"1","1"
"1","1"
"1","1"
"1","1"
"1","a"
"1","A"
"1","A"
"1","1"
"1","1"
"1","1"
"1","1"
"1","1"
"1","A"
"1","1"
"1","1"
"1","A"
"1","1"
"1","A"
"1","1"
"1","1"
"1","1"
"1","1"
"1","1"
"1","1"
"1","1"
"1","1"
"1","1"
"1","1"
"1","1"
"1","1"
"1","1"
"1","1"
"1","i"
"1","1"
"1","1"
"1","1"
"1","1"
"1","1"
"1","1"
"1","1"
"1","1"
"1","1"
"1","1"
"1","1"
"1","1"
"1","1"
"1","1"
"1","1"
"1","1"
"1","1"
"1","1"
"1","1"
"1","1"
"1","1"
"1","1"
"1","1"
"2","&"
"2","?"
"2","2"
"2","2"
"2","&"
"2","2"
"2","&"
"2","a"
"2","2"
"2","2"
"2","2"
"2","2"
"2","2"
"2","2"
"2","2"
"2","2"
"2","2"
"2","2"
"2","a"
"2","1"
"2","&"
"2","2"
"2","a"
"2","2"
"2","?"
"2","h"
"2","a"
"2","2"
"2","2"
"2","2"
"2","?"
"2","?"
"2","3"
"2","?"
"2","2"
"2","2"
"2","?"
"2","?"
"2","?"
"2","?"
"2","?"
"2","?"
"2","2"
"2","?"
"2","?"
"2","?"
"2","2"
"2","?"
"2","?"
"2","?"
"2","?"
"2","?"
"2","?"
"2","?"
"2","?"
"2","2"
"2","?"
"2","?"
"2","?"
"2","?"
"2","?"
"2","?"
"2","a"
"2","a"
"2","I"
"2","I"
"2","2"
"2","a"
"2","2"
"2","2"
"2","a"
"2","a"
"2","2"
"2","'"
"2","2"
"2","I"
"2","2"
"2","2"
"2","a"
"2","a"
"2","2"
"2","a"
"2","2"
"2","2s"
"2","2"
"2","a"
"2","a"
"2","?"
"2","2"
"2","'"
"2","a"
"2","2"
"2","a"
"2","2"
"2","2"
"2","2"
"2","2"
"2","?"
"2","2"
"2","?"
"2","2"
"2","2"
"2","2"
"2","2"
"2","2"
"2","2"
"2","?"
"2","2"
"2","?"
"2","2"
"2","I"
"2","2"
"2","?"
"2","2"
"2","?"
"2","2"
"2","2"
"2","2"
"2","2"
"2","2"
"2","2"
"2","?"
"2","2"
"2","2"
"3","3"
"3",")"
"3","3"
"3","3"
"3","3"
"3","3"
"3","3"
"3","3"
"3","3"
"3","'"
"3","3"
"3","'"
"3","3"
"3","3"
"3","'"
"3","'"
"3","3"
"3","3"
"3","3"
"3","3"
"3",")"
"3",")"
"3","?"
"3","?"
"3","a"
"3","I"
"3","'"
"3","3"
"3","3"
"3","3"
"3","3"
"3","3"
"3","3"
"3","3"
"3","3"
"3","3"
"3","3"
"3","?"
"3",":s"
"3","3"
"3","3"
"3","3"
"3","?"
"3","3"
"3","?"
"3","a"
"3","?"
"3","?"
"3","?"
"3","?"
"3","3"
"3","?"
"3","3"
"3","i"
"3","?"
"3","?"
"3","?"
"3","?"
"3","3"
"3","?"
"3",""""
"3","?"
"3","3"
"3","3"
"3","3"
"3","?"
"3","?"
"3","?"
"3","?"
"3","3"
"3","3"
"3","?"
"3","3"
"3","?"
"3","3"
"3",","
"3","'"
"3","3"
"3","?"
"3","?"
"3","?"
"3","?"
"3","'"
"3",")"
"3","3"
"3",")"
"3","7"
"3","?"
"3","?"
"3","?"
"3",")"
"3","?"
"3","3"
"3","?"
"3","?"
"3","?"
"3","2"
"3","?"
"3","?"
"3","?"
"3","?"
"3","?"
"3","?"
"3","3"
"3","?"
"3","3"
"3","3"
"3","3"
"3","?"
"3","?"
"3","3"
"3","3"
"3","3"
"3","?"
"3","2"
"3","?"
"3","?"
"3","?"
"3","2"
"3","3"
"3","?"
"3","3"
"3","'"
"3","3"
"4",""""
"4",""""
"4","'"
"4",""""
"4",""""
"4",""""
"4","h"
"4","h"
"4","b"
"4","'"
"4",""""
"4",""""
"4",""""
"4",""""
"4","'"
"4","'"
"4","a"
"4","'"
"4",""""
"4",","
"4","a"
"4",""""
"4","a"
"4","'"
"4","'"
"4",""""
"4",""""
"4","'"
"4",""""
"4","h"
"4","i"
"4","a"
"4","A"
"4","a"
"4","&"
"4","A"
"4","A"
"4","A"
"4","&"
"4","&"
"4",""""
"4","a"
"4","I"
"4","a"
"4","I"
"4","A"
"4","A"
"4","At"
"4","a"
"4","a"
"4","a"
"4","&"
"4","A"
"4","A"
"4","a"
"4","a"
"4","it"
"4","4"
"4","A"
"4","At"
"4","a"
"4","a"
"4","4"
"4","4"
"4","In"
"4","to"
"4","t"
"4","I"
"4","4"
"4","4"
"4","4"
"4","I"
"4","t"
"4","4"
"4","4"
"4","to"
"4","t"
"4","4"
"4","4"
"4","t"
"4",""""
"4","4"
"4","4"
"4","4"
"4","4"
"4","4"
"4","4"
"4","tr"
"4","4"
"4",""""
"4","4"
"4","4"
"4","4"
"4","4"
"4","4"
"4","4"
"4","4t"
"4","4"
"4","4t"
"4","4"
"4","I"
"4","I"
"4","4"
"4","4"
"4","t"
"4","4"
"4","I"
"4","4"
"4","4"
"4","4t"
"4","4"
"4","4t"
"4","I"
"4","4"
"4","4t"
"4","I"
"4","a"
"4","It"
"4","It"
"4","I"
"4","I"
"4","4"
"4","It"
"4","4"
"5","5"
"5","o"
"5","'"
"5","."
"5","o"
"5","o"
"5","a"
"5","a"
"5","'s"
"5","5"
"5","5"
"5","."
"5","a"
"5","o"
"5","a"
"5","'"
"5","a"
"5","3"
"5","3"
"5","'"
"5","a"
"5","."
"5","3"
"5","'"
"5","a"
"5","3"
"5","5"
"5","5"
"5","'"
"5","3"
"5","5"
"5","5"
"5","5"
"5","'"
"5","5"
"5","5"
"5","5"
"5","5"
"5","3"
"5","'"
"5","5"
"5","'"
"5","5"
"5","'"
"5","5"
"5","I"
"5","5"
"5","5"
"5","'"
"5","."
"5","5"
"5","'"
"5","3"
"5","'"
"5","'"
"5","5"
"5","'"
"5","'"
"5","5"
"5","'"
"5","."
"5","5"
"5","."
"5","'"
"5","."
"5","'s"
"5","'"
"5","'"
"5","."
"5","."
"5","a"
"5","is"
"5","'"
"5","'"
"5","'"
"5","'"
"5","'"
"5","'"
"5","'"
"5","'"
"5","."
"5","."
"5","'"
"5","'s"
"5","'"
"5","a"
"5","'"
"5","'"
"5","a"
"5","'"
"5","a"
"5","3"
"5","'s"
"5","."
"5",","
"5","3"
"5","5"
"5","3"
"5","5"
"5","'"
"5","b"
"5","a"
"5","."
"5","a"
"5","5"
"5","5"
"5","h"
"5","8"
"5","i"
"5","8"
"5",""""
"5","."
"5","'"
"5","5"
"5","5"
"5","'"
"5","'"
"5",""""
"5","i"
"5","b"
"5","'"
"5","."
"5",")"
"5","i"
"6","h"
"6","hs"
"6","t"
"6","6"
"6","t"
"6","6"
"6","t"
"6","b"
"6","6s"
"6","t"
"6","6"
"6","6"
"6","to"
"6","6"
"6","6"
"6","6"
"6","6"
"6","6"
"6","t"
"6","6"
"6","6"
"6","6"
"6","6"
"6","6"
"6","6"
"6","6o"
"6","6s"
"6","t"
"6","t"
"6","6"
"6","6"
"6","to"
"6","is"
"6","6"
"6","to"
"6","i"
"6","to"
"6","t"
"6","t"
"6","a"
"6","io"
"6","."
"6",""""
"6",""""
"6","6"
"6","6"
"6","t"
"6","t"
"6","t"
"6","6"
"6","6"
"6","6"
"6","("
"6","a"
"6","6"
"6","("
"6","t"
"6","6o"
"6","to"
"6","6"
"6","t"
"6","6"
"6","to"
"6","to"
"6",""""
"6",""""
"6","("
"6","."
"6","("
"6",""""
"6","i"
"6",""""
"6",""""
"6","("
"6",""""
"6",""""
"6","'"
"6",""""
"6","to"
"6",","
"6",""""
"6","("
"6",""""
"6",""""
"6","to"
"6","'s"
"6","h"
"6",""""
"6","'o"
"6",""""
"6","("
"6",""""
"6","t"
"6","b"
"6","."
"6",","
"6","b"
"6","h"
"6","6"
"6","6"
"6","."
"6","to"
"6","6"
"6","6"
"6","for"
"6","."
"6",","
"6","6"
"6","6"
"6","6"
"6","(o"
"6","(o"
"6",""""
"6","("
"6",","
"6","t"
"6","I6"
"6","b"
"6","6"
"6","(o"
"6","6"
"6","6"
"6","b"
"6","t"
"7","7"
"7","a"
"7","77"
"7","?"
"7","7"
"7","7"
"7","77"
"7","7"
"7","7"
"7","7"
"7","7"
"7","7"
"7","7"
"7","7"
"7","7"
"7","7"
"7","?"
"7","a"
"7","I"
"7","7"
"7","7"
"7","3"
"7","7"
"7","I"
"7",""""
"7","7"
"7","'"
"7","7"
"7","7"
"7","7"
"7","7"
"7",""""
"7","?"
"7","?"
"7","?"
"7","?"
"7","?"
"7","7"
"7","I"
"7","I"
"7","I"
"7","?"
"7","?"
"7",":"
"7","?"
"7",","
"7","?"
"7","?"
"7","?"
"7","?"
"7","?"
"7","?"
"7","I"
"7","I"
"7","I"
"7","?"
"7","?"
"7","I"
"7","I"
"7","?"
"7","?"
"7","?"
"7",""""
"7","7"
"7",""""
"7","7"
"7",""7"
"7","7"
"7",""""
"7","7"
"7","I"
"7","?"
"7","?"
"7",""""
"7","7"
"7","7"
"7","?"
"7","7"
"7",""""
"7","?"
"7",""""
"7","7"
"7","7"
"7","7"
"7","7"
"7","7"
"7","77"
"7","7"
"7","7"
"7","7"
"7","?"
"7","?"
"7",""""
"7","7"
"7","7"
"7",""""
"7","?"
"7","i"
"7","7"
"7","7"
"7",":"
"7","?"
"7",""""
"7","7"
"7","?"
"7","7"
"7","I"
"7",""""
"7","7"
"7","a"
"7","?"
"7","o"
"7","i"
"7","?"
"7","a"
"7","ing"
"7","t"
"7","1"
"7","ay"
"7","1"
"7","?"
"7","a"
"7","i"
"7","?"
"8","7"
"8","7"
"8","a"
"8","7"
"8","8"
"8","7"
"8","3"
"8","'"
"8","?"
"8","a"
"8","3"
"8","3"
"8","3"
"8","3"
"8","8"
"8","'"
"8",""""
"8","8"
"8","a"
"8","3"
"8","3"
"8","a"
"8","3"
"8","3"
"8","3"
"8","I"
"8","3"
"8","7"
"8","I"
"8","3"
"8","3"
"8","A"
"8","8"
"8","&"
"8","a"
"8","a"
"8","&"
"8","8"
"8","a"
"8","."
"8","a"
"8","R"
"8","R"
"8","&"
"8","."
"8","&"
"8","8"
"8","&"
"8","a"
"8","&"
"8","&"
"8","&"
"8","("
"8","a"
"8","("
"8","a"
"8","8"
"8","8"
"8","a"
"8","8"
"8","a"
"8","8"
"8","7"
"8","i"
"8","&"
"8","I"
"8","?"
"8","I"
"8","?"
"8","3"
"8","7"
"8","?"
"8","i"
"8","?"
"8","I"
"8","I"
"8","'"
"8","("
"8","I"
"8","I"
"8","I"
"8","I"
"8",")"
"8","I"
"8","I"
"8","I"
"8","'"
"8","I"
"8","if"
"8","a"
"8","A"
"8",","
"8","?"
"8","8"
"8","a"
"8","A"
"8","I"
"8","8"
"8","&"
"8","a"
"8","&"
"8","I"
"8","a"
"8","8"
"8","a"
"8","&"
"8","8"
"8","3"
"8","3"
"8","8"
"8","&"
"8","Is"
"8","i3"
"8","is"
"8","af"
"8","'s"
"8","Is"
"8","Is"
"8","1s"
"8","18"
"8","&"
"8","a"
"8","is"
"8","I3"
"9","af"
"9","a"
"9","a"
"9","a"
"9","a"
"9","a"
"9","a"
"9","a"
"9","a"
"9","a"
"9","a"
"9","a"
"9","af"
"9","a"
"9","a"
"9","a"
"9","a"
"9","a"
"9","a"
"9","a"
"9","a"
"9","a"
"9","a"
"9","a"
"9","a"
"9","a"
"9","?"
"9","a"
"9","a"
"9","a"
"9","a"
"9","I"
"9","I"
"9","4"
"9","I"
"9","I"
"9","I"
"9","I"
"9","I"
"9","I"
"9","I"
"9","I"
"9","("
"9","+"
"9","+"
"9","+"
"9","I"
"9","I"
"9","I"
"9","+"
"9","a"
"9","I"
"9","+"
"9","I"
"9","I"
"9","I"
"9","("
"9","I"
"9","I"
"9","9"
"9","9"
"9","I"
"9","+"
"9","9"
"9","9"
"9","+"
"9","I"
"9","+"
"9","I"
"9","+"
"9","+"
"9","I"
"9","I"
"9","9"
"9","9"
"9","I"
"9","I"
"9","I"
"9","+"
"9","+"
"9","9"
"9","I"
"9","9"
"9","+"
"9","4"
"9","I"
"9","I"
"9","+"
"9","+"
"9","I"
"9","9"
"9","9"
"9","9"
"9","9"
"9","a"
"9","a"
"9","o"
"9","("
"9","I"
"9","I"
"9","I"
"9","Of"
"9","("
"9","a"
"9","of"
"9",""""
"9","of"
"9",""""
"9","I"
"9","4"
"9","tes"
"9","I"
"9","1"
"9","I"
"9","I"
"9","19"
"9","I9"
"9","19"
"9","1"
"9","4"
"9","I"
"9","I"
"9","19"
"9","19"
"0",""""
"0",""""
"0",")"
"0",")"
"0",")"
"0","O"
"0","a"
"0",""""
"0","D"
"0","O"
"0","D"
"0","D"
"0","O"
"0",","
"0","a"
"0",""""
"0","is"
"0","10"
"0","1n"
"0","tn"
"0",""""
"0","N"
"0","O"
"0","O"
"0","D"
"0","i"
"0","D"
"0","o"
"0","D"
"0","M"
"0","O"
"0","N"
"0","D"
"0","D"
"0",","
"0",","
"0","D"
"0","I"
"0","N"
"0","D"
"0","N"
"0","O"
"0","O"
"0","D"
"0","O"
"0","N"
"0","O"
"0","O"
"0","N"
"0","o"
"0","D"
"0","O"
"0","D"
"0","O"
"0","O"
"0","a"
"0","o"
"0","O"
"0","N"
"0","o"
"0","N"
"0","w"
"0","6"
"0","O"
"0","O"
"0",","
"0",","
"0",","
"0","D"
"0","o"
"0","D"
"0",","
"0","o"
"0","O"
"0","6"
"0","o"
"0","O"
"0","O"
"0","o"
"0",","
"0","O"
"0","N"
"0",",o"
"0",","
"0","o"
"0","D"
"0","O"
"0","t"
"0","D"
"0","N"
"0","O"
"0","o"
"0",")"
"0","Oo"
"0","O"
"0","O"
"0","D"
"0","'"
"0","i"
"0","D"
"0","O"
"0","D"
"0","'"
"0","'"
"0",","
"0","D"
"0",","
"0","o"
"0","O"
"0","D"
"0","D"
"0","O"
"0","D"
"0",","
"0","O"
"0",","
"0","t"
"0","D"
"0","N"
"0","N"
"0","N"
"0","o"
"0","t"
"0","D"
"1","&"
"1","I"
"1","&"
"1",""""
"1",""""
"1","1"
"1","1"
"1",""""
"1","I"
"1","1"
"1","1"
"1","1"
"1","1"
"1","I"
"1","1"
"1","1"
"1","I"
"1","I"
"1","It"
"1","1t"
"1","1"
"1","1"
"1","1"
"1","1"
"1","1"
"1","1"
"1","1"
"1","1"
"1","1"
"1","2"
"1","1"
"1","1"
"1","I"
"1","1"
"1","1"
"1","1"
"1","1"
"1","It"
"1","1"
"1","1"
"1","I"
"1","I"
"1","I"
"1","I"
"1","I"
"1","1"
"1","i"
"1","1"
"1","1"
"1","1"
"1","1"
"1","1"
"1","1"
"1","1"
"1","I"
"1","1"
"1","1"
"1","1"
"1","1"
"1","1"
"1","1"
"1","1"
"1","i"
"1","1"
"1","I"
"1","I"
"1","I"
"1","I"
"1","I"
"1","I"
"1","I"
"1","I"
"1","I"
"1","I"
"1","I"
"1","I"
"1","I"
"1",","
"1","I"
"1","I"
"1","I"
"1","I"
"1","I"
"1","I"
"1","I"
"1","I"
"1","I"
"1","I"
"1","I"
"1","I"
"1","I"
"1","!"
"1","I"
"1","1"
"1","1"
"1","1"
"1","1"
"1","1"
"1","1"
"1","1"
"1","1"
"1","1"
"1","1"
"1","1"
"1","1"
"1","1"
"1","1"
"1","1"
"1","1"
"1","1"
"1","1"
"1","1"
"1","1"
"1","1"
"1","1"
"1","1"
"1","1"
"1","1"
"1","1"
"1","1"
"1","1"
"1","1"
"1","1"
"1","1"
"2","?"
"2","2"
"2","a"
"2","2"
"2","?"
"2","&"
"2","2"
"2","2"
"2","2"
"2","2"
"2","2"
"2","2"
"2","2"
"2","2"
"2","?"
"2","a"
"2","2"
"2","12"
"2","I2"
"2","12"
"2","2"
"2","&"
"2","2"
"2","?"
"2","2"
"2","?"
"2","?"
"2","."
"2","?"
"2","?"
"2","2"
"2","?"
"2","?"
"2","."
"2","2"
"2","."
"2","2"
"2","?"
"2","2"
"2","2"
"2","2"
"2","2"
"2","2"
"2","?"
"2","2"
"2","?"
"2","?"
"2","2"
"2","?"
"2","2"
"2","2"
"2","2"
"2","?"
"2","?"
"2","?"
"2","2"
"2","2"
"2","?"
"2","?"
"2","?"
"2","?"
"2","R"
"2","?"
"2","2"
"2","2"
"2","?"
"2","?"
"2","2"
"2","?"
"2","2"
"2","?"
"2","2"
"2","2"
"2","?"
"2","2"
"2","2"
"2","2"
"2","2"
"2","2"
"2","?"
"2","2"
"2","2"
"2","2"
"2","2"
"2","2"
"2","2"
"2","2"
"2","2"
"2","2"
"2","?"
"2","2"
"2","2"
"2","2"
"2","2"
"2","?"
"2","2"
"2","2"
"2","2"
"2","2"
"2","2"
"2","2"
"2","2"
"2","2"
"2","2"
"2","?"
"2","?"
"2","2"
"2","2"
"2","?"
"2","2"
"2","2"
"2","2"
"2","2"
"2","2"
"2","2"
"2","2"
"2","2"
"2","2"
"2","2"
"2","2"
"2","2"
"2","2"
"2","2"
"2","2"
"3","?"
"3","?"
"3","b"
"3","'"
"3","?"
"3","?"
"3","?"
"3","?"
"3","?"
"3","'"
"3","3"
"3","?"
"3","?"
"3","3"
"3","3"
"3","(s"
"3","is"
"3","1"
"3","13"
"3","13"
"3","3"
"3","3"
"3","'"
"3","3"
"3","3"
"3","3"
"3","3"
"3","3"
"3","3"
"3","3"
"3","3"
"3","?"
"3","'"
"3","?"
"3","3"
"3","?"
"3","?"
"3","?"
"3","?"
"3","?"
"3","?"
"3","?"
"3","3"
"3","3"
"3","?"
"3","?"
"3",""""
"3","?"
"3","3"
"3","?"
"3","3"
"3","3"
"3","3"
"3","?"
"3","3"
"3","?"
"3","3"
"3","3"
"3","3"
"3","3"
"3","3"
"3","3"
"3","?"
"3","?"
"3","?"
"3","2"
"3","?"
"3","?"
"3","?"
"3","?"
"3","?"
"3","3"
"3","3"
"3","3"
"3","3"
"3","3"
"3","?"
"3","3"
"3","3"
"3","?"
"3","?"
"3","3"
"3","3"
"3","?"
"3","3"
"3","3"
"3","3"
"3","3"
"3","3"
"3","3"
"3","'"
"3","3"
"3","?"
"3","?"
"3","?"
"3","?"
"3","?"
"3","3"
"3","3"
"3","2"
"3","3"
"3","?"
"3","3"
"3","?"
"3","3"
"3","3"
"3","3"
"3","3"
"3","3"
"3","?"
"3","3"
"3","3"
"3","3"
"3","3"
"3","I"
"3","3"
"3","3"
"3","3"
"3","3"
"3","3"
"3","3"
"3","3"
"3","3"
"3","3"
"4","4"
"4","a"
"4","4p"
"4","4"
"4","A"
"4","4"
"4","4"
"4","4"
"4","It"
"4","I"
"4","&"
"4",""""
"4",""""
"4","#"
"4","4"
"4","4"
"4","."
"4","I4"
"4","44"
"4","I"
"4",""""
"4","4"
"4","I"
"4","It"
"4","4t"
"4","4"
"4","Hift"
"4","If"
"4","4"
"4","4"
"4",""""
"4","4"
"4","4"
"4",""""
"4","tn"
"4","I"
"4",""""
"4",""""
"4","4t"
"4","Ae"
"4","4"
"4","Ht"
"4","4"
"4","A"
"4","a"
"4","a"
"4","A"
"4","a"
"4","o"
"4","a"
"4","a"
"4","a"
"4","a"
"4","i"
"4","a"
"4","a"
"4","a"
"4","A"
"4","A"
"4","a"
"4","4"
"4","a"
"4","4"
"4","4"
"4","4"
"4","It"
"4","4."
"4","4"
"4","4"
"4","It"
"4","4"
"4","4"
"4","It"
"4","It"
"4","H"
"4","It"
"4","It"
"4","It"
"4","I"
"4",""""
"4","4f"
"4","I"
"4","4"
"4","4"
"4","4"
"4","4"
"4","I"
"4","4"
"4","4"
"4","4"
"4","4"
"4","4"
"4","4"
"4","A"
"4","A"
"4","A"
"4","a"
"4","A"
"4","a"
"4","a"
"4","a"
"4","A"
"4","I"
"4","4"
"4","A"
"4","A"
"4",""""
"4",""""
"4","4"
"4","4"
"4","4"
"4","4"
"4","4"
"4","4"
"4","4"
"4","4"
"4","It"
"4","I"
"4","i"
"4","4"
"4","4"
"4","4"
"4","4t"
"4","4"
"5","is"
"5","'"
"5","'"
"5","a"
"5",""""
"5","3"
"5","5"
"5",")"
"5","a"
"5","i"
"5","i"
"5","5"
"5","i"
"5","5"
"5",","
"5","I55"
"5","I5"
"5","Is"
"5","15"
"5","'s"
"5","I5s"
"5","i"
"5","a"
"5","I"
"5","5"
"5","is"
"5","its"
"5","'"
"5","5"
"5","5"
"5","as"
"5",")"
"5","5"
"5","."
"5","a"
"5","5s"
"5","t"
"5","t"
"5","i"
"5","is"
"5","'s"
"5","5"
"5",","
"5","5s"
"5","3s"
"5","'s"
"5","'"
"5","is"
"5","i"
"5","t"
"5","5"
"5","."
"5","."
"5","'"
"5","5"
"5","'s"
"5","'"
"5",",s"
"5","'"
"5","'"
"5","3"
"5","t"
"5",""""
"5","5"
"5","'"
"5","a"
"5","."
"5","'"
"5","."
"5","I"
"5","I"
"5","I"
"5","5"
"5","'"
"5","i"
"5",""""
"5","5"
"5","'"
"5","."
"5","'"
"5","5"
"5","."
"5",""""
"5","i"
"5","5"
"5",""""
"5","3"
"5","5"
"5","5"
"5","I"
"5","5"
"5","5"
"5","3"
"5",","
"5","5"
"5","'"
"5",""""
"5","("
"5",")"
"5","'"
"5","5"
"5","."
"5","."
"5","i"
"5","'"
"5",")"
"5",")"
"5","'"
"5",""""
"5","a"
"5","i"
"5","Bo"
"5",""""
"5","("
"5","i"
"5","."
"5",")"
"5","'"
"5","5"
"5",","
"5","5"
"5","is"
"5","5"
"5","5"
"6","I"
"6","6"
"6","("
"6","6"
"6","of"
"6","6"
"6","6"
"6","6"
"6","6"
"6","6"
"6","6"
"6",","
"6","6"
"6","of"
"6","i"
"6","16"
"6",",6"
"6","16"
"6","It"
"6","16"
"6","to"
"6","6"
"6","6"
"6","6o"
"6","to"
"6","l6"
"6","6"
"6","6"
"6","t"
"6","6"
"6","t"
"6","6"
"6","6"
"6","t"
"6","6"
"6","(s"
"6","6"
"6","6"
"6","t"
"6","to"
"6","6"
"6","6"
"6","6"
"6","6"
"6","6"
"6","6"
"6","6"
"6",","
"6","6"
"6","6"
"6","t"
"6",","
"6","6"
"6","6o"
"6","is"
"6","6"
"6","6"
"6","G"
"6","G"
"6","6"
"6","6"
"6","G"
"6","6"
"6","("
"6","("
"6","A"
"6","6"
"6","("
"6","."
"6","iis"
"6","i"
"6","6"
"6","6"
"6","6"
"6","6"
"6","6"
"6","("
"6","6"
"6","6"
"6","6"
"6","6"
"6","6"
"6","6o"
"6","6"
"6","6o"
"6","6"
"6","6"
"6","6"
"6","to"
"6","6"
"6","(o"
"6","6"
"6","6"
"6","6"
"6","6"
"6","("
"6","(o"
"6",","
"6","6"
"6","."
"6","to"
"6","t"
"6",","
"6","6"
"6","t"
"6","6"
"6","("
"6","6"
"6","6"
"6","to"
"6","."
"6","("
"6","6"
"6","6"
"6","6o"
"6","6"
"6","6"
"6","t"
"6","6"
"6",","
"6","("
"6","6"
"6","b"
"6","6"
"7","?"
"7","3"
"7","?"
"7",";"
"7",";"
"7","i"
"7","a"
"7","3"
"7","3"
"7","3"
"7","?"
"7","3"
"7","7"
"7","3"
"7","'"
"7","1"
"7","w"
"7",""""
"7","'s"
"7","'s"
"7","'5"
"7","'"
"7","i"
"7","1s"
"7","is"
"7","is"
"7","'s"
"7","'t"
"7","3"
"7","2"
"7","'"
"7","7"
"7","7"
"7",":"
"7","7"
"7","7"
"7","7"
"7","7"
"7","?"
"7","7"
"7","7"
"7","7"
"7","7"
"7","?"
"7","I"
"7","?"
"7","?"
"7","I"
"7","I"
"7","a"
"7","?"
"7","?"
"7",","
"7","?"
"7",":"
"7","a"
"7","?"
"7",""""
"7",""""
"7","?"
"7",":"
"7","7"
"7","?"
"7","I"
"7","?"
"7","?"
"7","?"
"7","b"
"7","I"
"7","?"
"7","?"
"7","?"
"7","I"
"7","?"
"7","I"
"7",","
"7","i"
"7","o"
"7",":"
"7","?"
"7","I"
"7",")"
"7","O"
"7","I"
"7","b"
"7","I"
"7","of"
"7","I"
"7","?"
"7","oy"
"7","!"
"7","o"
"7","o"
"7","7"
"7","i"
"7",":"
"7","i"
"7","3"
"7","3"
"7","a"
"7","i"
"7","a"
"7","7"
"7",":"
"7","3"
"7","o"
"7","3"
"7","?"
"7","7"
"7","I"
"7","a"
"7","J"
"7",";"
"7",":"
"7",","
"7",";"
"7",","
"7","?"
"7","7"
"7","3"
"7","?"
"7","a"
"7","a"
"7",""""
"8","3s"
"8","a"
"8","."
"8","a"
"8","&"
"8","a"
"8","a"
"8","&"
"8",")"
"8","a"
"8","&"
"8","&"
"8","a"
"8","I3"
"8",".s"
"8","t5"
"8","'s"
"8","Is"
"8","13"
"8","13"
"8","13"
"8","I8"
"8","I3"
"8","Is"
"8","13"
"8","I3"
"8","Is"
"8","a"
"8","a"
"8","&"
"8","3"
"8","a"
"8","3"
"8","&"
"8","a"
"8","a"
"8","3"
"8","I"
"8","&"
"8","3"
"8","a"
"8","&"
"8","a"
"8","a"
"8","&"
"8","a"
"8","&"
"8","&"
"8","3"
"8","&"
"8","&"
"8","a"
"8","a"
"8","I"
"8","I"
"8","&"
"8","&"
"8","&"
"8","3"
"8","a"
"8","&"
"8","a"
"8","&"
"8","3"
"8","I"
"8","8"
"8","7"
"8","3"
"8","a"
"8","A"
"8","3"
"8","&"
"8","&"
"8","&"
"8","a"
"8","a"
"8","I"
"8","a"
"8","3"
"8","3"
"8","I"
"8","I"
"8","a"
"8","a"
"8","I"
"8","&"
"8","a"
"8","&"
"8","I"
"8","R"
"8","&"
"8","&"
"8","83"
"8","a"
"8","a"
"8","8"
"8","3s"
"8","is"
"8","3"
"8","3"
"8","3"
"8","a"
"8","&"
"8","8"
"8","3"
"8","a"
"8","3"
"8","I"
"8","a"
"8","3"
"8","8"
"8","8"
"8","8"
"8","a"
"8","as"
"8","3t"
"8","&"
"8","A"
"8","&"
"8","&"
"8","R"
"8","I"
"8","&"
"8","&"
"9","9"
"9","I"
"9","9"
"9","I"
"9","A"
"9","9"
"9","I"
"9","("
"9","I"
"9","9"
"9","I"
"9","a"
"9","I"
"9","I3"
"9","I3"
"9","I3"
"9","1"
"9","I3"
"9","13"
"9","1s"
"9","13"
"9","1t"
"9","1s"
"9","I"
"9","I"
"9","1es"
"9","I"
"9","I"
"9","o"
"9","I"
"9","9"
"9","9"
"9","G"
"9","I"
"9","I"
"9","I"
"9","I"
"9","9"
"9","9"
"9","I"
"9","I"
"9","I"
"9","I"
"9","9"
"9","9"
"9","I"
"9","I"
"9","I"
"9","I"
"9","I"
"9","o"
"9","a"
"9","of"
"9","I"
"9","9"
"9","9"
"9","a"
"9","I"
"9","of"
"9","?."
"9","I"
"9","I"
"9","I"
"9","a"
"9","I"
"9","I"
"9","I"
"9","I"
"9","I"
"9","4"
"9","I"
"9","ly"
"9","of"
"9","I"
"9","A"
"9","I"
"9","I"
"9","I"
"9","i"
"9","I"
"9","I"
"9","I"
"9","."
"9","4"
"9","4"
"9","I"
"9","of"
"9","af"
"9","4"
"9","of"
"9","4f"
"9","a"
"9","of"
"9",""""
"9","a"
"9",""""
"9",""""
"9","a"
"9","u"
"9",""f"
"9","of"
"9","of"
"9","4"
"9","of"
"9","a"
"9","a"
"9","of"
"9","of"
"9",""""
"9","a"
"9","o"
"9","a"
"9","af"
"9","a"
"9","a"
"9","of"
"9","of"
"9","if"
"9","a"
"9","of"
"9","of"
"9","a"
"9","a"
"9",""""
